{
  "bruteForce": {
    "solution": [
      1,
      1,
      1,
      1,
      1,
      1
    ],
    "value": 20,
    "time": 0.00045429999590851367,
    "isFeasible": true
  },
  "milp": {
    "solution": null,
    "value": Infinity,
    "time": 2.6999914553016424e-06,
    "isFeasible": false
  },
  "greedy": {
    "solution": [
      1,
      1,
      1,
      1,
      1,
      1
    ],
    "value": 20,
    "time": 2.81000102404505e-05,
    "isFeasible": true
  },
  "genetic": {
    "solution": [
      1,
      1,
      1,
      1,
      1,
      1
    ],
    "value": 20,
    "time": 0.06588619999820367,
    "isFeasible": true
  },
  "vns": {
    "solution": [
      1,
      1,
      1,
      1,
      1,
      1
    ],
    "value": 20,
    "time": 0.007586599997011945,
    "isFeasible": true
  },
  "vnsWeighted": {
    "solution": [
      1,
      1,
      1,
      1,
      1,
      1
    ],
    "value": 20,
    "time": 0.010975000011967495,
    "isFeasible": true
  }
}