{
  "bruteForce": {
    "solution": [
      1,
      1,
      1,
      0,
      1,
      0,
      1,
      1,
      1,
      1,
      1
    ],
    "value": 37,
    "time": 0.06351370000629686,
    "isFeasible": true
  },
  "milp": {
    "solution": null,
    "value": Infinity,
    "time": 8.100003469735384e-06,
    "isFeasible": false
  },
  "greedy": {
    "solution": [
      1,
      1,
      1,
      0,
      1,
      0,
      1,
      1,
      1,
      1,
      1
    ],
    "value": 37,
    "time": 7.389998063445091e-05,
    "isFeasible": true
  },
  "genetic": {
    "solution": [
      1,
      1,
      1,
      0,
      1,
      0,
      1,
      1,
      1,
      1,
      1
    ],
    "value": 37,
    "time": 0.10814409999875352,
    "isFeasible": true
  },
  "vns": {
    "solution": [
      1,
      1,
      1,
      0,
      1,
      0,
      1,
      1,
      1,
      1,
      1
    ],
    "value": 37,
    "time": 0.03982360000372864,
    "isFeasible": true
  },
  "vnsWeighted": {
    "solution": [
      1,
      1,
      1,
      0,
      1,
      1,
      1,
      1,
      1,
      1,
      1
    ],
    "value": 37,
    "time": 0.039380500005790964,
    "isFeasible": true
  }
}