{
  "bruteForce": {
    "solution": [
      1,
      1,
      1,
      1,
      1,
      1
    ],
    "value": 16,
    "time": 0.0016921000205911696,
    "isFeasible": true
  },
  "milp": {
    "solution": null,
    "value": Infinity,
    "time": 3.6999990697950125e-06,
    "isFeasible": false
  },
  "greedy": {
    "solution": [
      1,
      1,
      1,
      1,
      1,
      1
    ],
    "value": 16,
    "time": 0.00010410000686533749,
    "isFeasible": true
  },
  "genetic": {
    "solution": [
      1,
      1,
      1,
      1,
      1,
      1
    ],
    "value": 16,
    "time": 0.11677900000358932,
    "isFeasible": true
  },
  "vns": {
    "solution": [
      1,
      1,
      1,
      1,
      1,
      1
    ],
    "value": 16,
    "time": 0.006339700019452721,
    "isFeasible": true
  },
  "vnsWeighted": {
    "solution": [
      1,
      1,
      1,
      1,
      1,
      1
    ],
    "value": 16,
    "time": 0.00599309999961406,
    "isFeasible": true
  }
}