{
  "bruteForce": {
    "solution": [
      1,
      1,
      0,
      1,
      0,
      1,
      1,
      0,
      1,
      1
    ],
    "value": 26,
    "time": 0.02798139999504201,
    "isFeasible": true
  },
  "milp": {
    "solution": null,
    "value": Infinity,
    "time": 9.100011084228754e-06,
    "isFeasible": false
  },
  "greedy": {
    "solution": [
      1,
      1,
      0,
      1,
      0,
      1,
      1,
      0,
      1,
      1
    ],
    "value": 26,
    "time": 0.00010659999679774046,
    "isFeasible": true
  },
  "genetic": {
    "solution": [
      1,
      1,
      0,
      1,
      0,
      1,
      1,
      0,
      1,
      1
    ],
    "value": 26,
    "time": 0.0820462999981828,
    "isFeasible": true
  },
  "vns": {
    "solution": [
      1,
      1,
      0,
      1,
      0,
      1,
      1,
      1,
      1,
      1
    ],
    "value": 26,
    "time": 0.05755599998519756,
    "isFeasible": true
  },
  "vnsWeighted": {
    "solution": [
      1,
      1,
      0,
      1,
      0,
      1,
      1,
      1,
      1,
      1
    ],
    "value": 26,
    "time": 0.039849799999501556,
    "isFeasible": true
  }
}