{
  "bruteForce": {
    "solution": [
      1,
      1,
      1,
      1,
      1
    ],
    "value": 12,
    "time": 0.0004318999999668449,
    "isFeasible": true
  },
  "milp": {
    "solution": null,
    "value": Infinity,
    "time": 2.5999906938523054e-06,
    "isFeasible": false
  },
  "greedy": {
    "solution": [
      1,
      1,
      1,
      1,
      1
    ],
    "value": 12,
    "time": 7.569999434053898e-05,
    "isFeasible": true
  },
  "genetic": {
    "solution": [
      1,
      1,
      1,
      1,
      1
    ],
    "value": 12,
    "time": 0.07859710001503117,
    "isFeasible": true
  },
  "vns": {
    "solution": [
      1,
      1,
      1,
      1,
      1
    ],
    "value": 12,
    "time": 0.008975799981271848,
    "isFeasible": true
  },
  "vnsWeighted": {
    "solution": [
      1,
      1,
      1,
      1,
      1
    ],
    "value": 12,
    "time": 0.008279500005301088,
    "isFeasible": true
  }
}