{
  "greedy": {
    "solution": [
      1,
      1,
      1,
      1,
      1,
      1,
      1
    ],
    "value": 25,
    "time": 0.0001504169999861915,
    "isFeasible": true
  },
  "genetic": {
    "solution": [
      1,
      1,
      1,
      1,
      1,
      1,
      1
    ],
    "value": 25,
    "time": 0.1228508660000216,
    "isFeasible": true
  },
  "vns": {
    "solution": [
      1,
      1,
      1,
      1,
      1,
      1,
      1
    ],
    "value": 25,
    "time": 0.05741607799996018,
    "isFeasible": true
  }
}