{
  "bruteForce": {
    "solution": [
      1,
      1,
      1,
      1,
      1,
      1
    ],
    "value": 18,
    "time": 0.0009363999997731298,
    "isFeasible": true
  },
  "milp": {
    "solution": null,
    "value": Infinity,
    "time": 2.3999891709536314e-06,
    "isFeasible": false
  },
  "greedy": {
    "solution": [
      1,
      1,
      1,
      1,
      1,
      1
    ],
    "value": 18,
    "time": 5.539998528547585e-05,
    "isFeasible": true
  },
  "genetic": {
    "solution": [
      1,
      1,
      1,
      1,
      1,
      1
    ],
    "value": 18,
    "time": 0.07285610001417808,
    "isFeasible": true
  },
  "vns": {
    "solution": [
      1,
      1,
      1,
      1,
      1,
      1
    ],
    "value": 18,
    "time": 0.011644299986073747,
    "isFeasible": true
  },
  "vnsWeighted": {
    "solution": [
      1,
      1,
      1,
      1,
      1,
      1
    ],
    "value": 18,
    "time": 0.011500499997055158,
    "isFeasible": true
  }
}