{
  "bruteForce": {
    "solution": [
      1,
      1,
      0,
      1,
      1,
      0,
      0,
      1,
      1
    ],
    "value": 18,
    "time": 0.01136229999247007,
    "isFeasible": true
  },
  "milp": {
    "solution": null,
    "value": Infinity,
    "time": 2.300017513334751e-06,
    "isFeasible": false
  },
  "greedy": {
    "solution": [
      1,
      1,
      0,
      1,
      1,
      0,
      0,
      1,
      1
    ],
    "value": 18,
    "time": 7.730000652372837e-05,
    "isFeasible": true
  },
  "genetic": {
    "solution": [
      1,
      1,
      1,
      1,
      1,
      1,
      0,
      1,
      1
    ],
    "value": 18,
    "time": 0.0922056999988854,
    "isFeasible": true
  },
  "vns": {
    "solution": [
      1,
      1,
      1,
      1,
      1,
      1,
      0,
      1,
      1
    ],
    "value": 18,
    "time": 0.030582100007450208,
    "isFeasible": true
  },
  "vnsWeighted": {
    "solution": [
      1,
      1,
      1,
      1,
      1,
      1,
      0,
      1,
      1
    ],
    "value": 18,
    "time": 0.035308699996676296,
    "isFeasible": true
  }
}