{
  "greedy": {
    "solution": [
      1,
      1,
      1,
      1,
      1,
      1,
      0,
      0,
      1,
      1,
      1
    ],
    "value": 32,
    "time": 0.0003111280000211991,
    "isFeasible": true
  },
  "genetic": {
    "solution": [
      1,
      1,
      1,
      1,
      1,
      1,
      0,
      0,
      1,
      1,
      1
    ],
    "value": 32,
    "time": 0.26594999299999245,
    "isFeasible": true
  },
  "vns": {
    "solution": [
      1,
      1,
      1,
      1,
      1,
      1,
      0,
      1,
      1,
      1,
      1
    ],
    "value": 32,
    "time": 0.35966221300003554,
    "isFeasible": true
  }
}