{
  "greedy": {
    "solution": [
      1,
      0,
      1,
      1,
      1,
      1,
      0,
      1,
      1
    ],
    "value": 22,
    "time": 0.0002063230000430849,
    "isFeasible": true
  },
  "genetic": {
    "solution": [
      1,
      0,
      1,
      1,
      1,
      1,
      1,
      1,
      1
    ],
    "value": 22,
    "time": 0.15113297400000647,
    "isFeasible": true
  },
  "vns": {
    "solution": [
      1,
      0,
      1,
      1,
      1,
      1,
      1,
      1,
      1
    ],
    "value": 22,
    "time": 0.1352765269999736,
    "isFeasible": true
  }
}